id,access_level
17263,Account Admin
10275,Contract Entry
7568,Contract Entry
21986,Account Admin
20614,Account Admin
18708,Account Admin
10197,Account Admin
14762,Account Admin
22370,Contract Entry
21972,Account Admin
15950,Contract Entry
17999,Contract Entry
14165,Account Admin
17022,Account Admin
9016,Contract Entry
10492,Contract Entry
7966,Account Admin
13748,Contract Entry
20601,Account Admin
20450,Contract Entry
13448,Contract Entry
23109,Account Admin
5993,Approval - Manager
12683,Approval - Manager
18025,Account Admin
5929,Contract Entry
10236,Contract Entry
19894,Account Admin
15131,Contract Entry
6018,Contract Entry
20607,Account Admin
19760,Contract Entry
8657,Account Admin
24613,Account Admin
12465,Account Admin
15682,Contract Entry
24699,Contract Entry
4608,Account Admin
10476,Contract Entry
9903,Contract Entry
15061,Contract Entry
11176,Account Admin
6048,Contract Entry
17219,Contract Entry
24551,Account Admin
13856,Contract Entry
19760,Contract Entry
23856,Approval - Manager
19727,Contract Entry
21390,Contract Entry
22993,Contract Entry
17027,Contract Entry
16751,Contract Entry
3668,Approval - Manager
14219,Account Admin
23280,Contract Entry
5975,Account Admin
12836,Account Admin
12103,Contract Entry
3925,Contract Entry
18389,Contract Entry
13216,Contract Entry
20659,Account Admin
8458,Contract Entry
17250,Account Admin
15179,Account Admin
11446,Contract Entry
8977,Account Admin
8825,Contract Entry
7582,Account Admin
4870,Account Admin
6887,Account Admin
24677,Contract Entry
24516,Contract Entry
22171,Account Admin
20830,Contract Entry
15278,Account Admin
24318,Account Admin
15001,Contract Entry
24885,Account Admin
6471,Account Admin
8893,Approval - Manager
12104,Account Admin
24739,Contract Entry
15214,Contract Entry
7550,Account Admin
3051,Contract Entry
19807,Account Admin
21274,Contract Entry
12272,Approval - Manager
18635,Contract Entry
24068,Account Admin
18094,Account Admin
23921,Contract Entry
13788,Contract Entry
10323,Contract Entry
16963,Contract Entry
16147,Contract Entry
23909,Account Admin
4700,Contract Entry
10997,Contract Entry
22364,Account Admin
16630,Contract Entry
9649,Account Admin
12456,Account Admin
17499,Contract Entry
4752,Account Admin
16849,Account Admin
11950,Contract Entry
12560,Contract Entry
4098,Contract Entry
14177,Account Admin
8074,Contract Entry
18855,Contract Entry
24864,Contract Entry
8192,Account Admin
9773,Account Admin
22867,Account Admin
11336,Account Admin
21657,Contract Entry
9789,Contract Entry
10054,Approval - Manager
14760,Approval - Manager
14536,Contract Entry
12972,Contract Entry
7529,Contract Entry
24410,Account Admin
6279,Contract Entry
10883,Account Admin
15819,Account Admin
11897,Account Admin
9585,Contract Entry
3789,Account Admin
9802,Account Admin
13704,Approval - Manager
15017,Contract Entry
4428,Contract Entry
19216,Contract Entry
10556,Account Admin
9485,Approval - Manager
19247,Contract Entry
22619,Account Admin
14015,Account Admin
24182,Contract Entry
9396,Contract Entry
22251,Contract Entry
19446,Contract Entry
9099,Contract Entry
8421,Contract Entry
19953,Account Admin
5006,Account Admin
20549,Contract Entry
20430,Contract Entry
6855,Contract Entry
5341,Contract Entry
17955,Contract Entry
10717,Account Admin
9279,Approval - Manager
11657,Contract Entry
10061,Contract Entry
15483,Account Admin
22581,Account Admin
15603,Contract Entry
7224,Contract Entry
7316,Contract Entry
4407,Account Admin
15830,Contract Entry
23866,Approval - Manager
7360,Contract Entry
11293,Contract Entry
6700,Contract Entry
23428,Account Admin
22407,Account Admin
5335,Account Admin
3664,Contract Entry
19975,Account Admin
14304,Contract Entry
6825,Account Admin
17734,Account Admin
9241,Contract Entry
15863,Account Admin
10896,Approval - Manager
22383,Contract Entry
10633,Contract Entry
11790,Account Admin
12529,Account Admin
22676,Account Admin
15766,Account Admin
15250,Account Admin
20160,Contract Entry
7886,Account Admin
18793,Contract Entry
19473,Account Admin
24501,Approval - Manager
24677,Account Admin
24312,Account Admin
16906,Account Admin
11154,Account Admin
22492,Contract Entry
13022,Contract Entry
4113,Contract Entry
6274,Contract Entry
16046,Contract Entry
5803,Contract Entry
15584,Account Admin
18335,Account Admin
10864,Contract Entry
21713,Contract Entry
8479,Contract Entry
22695,Contract Entry
23115,Account Admin
23945,Account Admin
20855,Account Admin
16927,Contract Entry
24078,Contract Entry
9913,Contract Entry
12479,Contract Entry
6715,Contract Entry
6643,Account Admin
13466,Contract Entry
16034,Account Admin
4072,Contract Entry
17721,Account Admin
15380,Contract Entry
20457,Account Admin
17065,Contract Entry
3957,Approval - Manager
11546,Contract Entry
20660,Contract Entry
8588,Account Admin
5023,Contract Entry
20679,Contract Entry
15179,Account Admin
7048,Account Admin
21558,Contract Entry
3404,Contract Entry
6842,Contract Entry
5265,Account Admin
23928,Account Admin
3299,Account Admin
23912,Contract Entry
6806,Account Admin
5561,Account Admin
12306,Account Admin
20566,Account Admin
9416,Account Admin
11702,Contract Entry
17749,Contract Entry
11464,Contract Entry
10891,Account Admin
16801,Contract Entry
14775,Account Admin
10938,Contract Entry
5920,Contract Entry
6826,Contract Entry
3437,Contract Entry
12156,Contract Entry
8607,Contract Entry
11877,Account Admin
4876,Account Admin
18945,Account Admin
19814,Account Admin
4891,Account Admin
8499,Account Admin
4635,Account Admin
15619,Approval - Manager
24624,Account Admin
23538,Contract Entry
14901,Account Admin
11450,Contract Entry
22893,Contract Entry
14262,Account Admin
11167,Contract Entry
15139,Contract Entry
9398,Contract Entry
4708,Contract Entry
23267,Account Admin
22057,Contract Entry
5816,Account Admin
17838,Contract Entry
19516,Approval - Manager
18142,Contract Entry
12181,Contract Entry
14132,Approval - Manager
7088,Approval - Manager
20360,Contract Entry
11122,Contract Entry
6820,Contract Entry
20105,Contract Entry
21746,Approval - Manager
6529,Account Admin
22989,Contract Entry
7223,Account Admin
3308,Account Admin
16487,Contract Entry
17475,Contract Entry
14997,Approval - Manager
17354,Account Admin
12126,Contract Entry
21998,Account Admin
14552,Account Admin
21823,Account Admin
20288,Contract Entry
12306,Account Admin
19830,Approval - Manager
3588,Account Admin
3734,Account Admin
6493,Account Admin
23187,Account Admin
13688,Contract Entry
18762,Account Admin
8117,Account Admin
11778,Contract Entry
13864,Contract Entry
5132,Account Admin
17887,Contract Entry
16834,Account Admin
15242,Contract Entry
21413,Account Admin
5668,Contract Entry
20106,Account Admin
22495,Contract Entry
6372,Account Admin
17122,Contract Entry
19652,Contract Entry
5507,Account Admin
22802,Account Admin
9217,Account Admin
8774,Contract Entry
4686,Account Admin
14936,Contract Entry
16162,Account Admin
13261,Contract Entry
21058,Contract Entry
13984,Account Admin
21814,Contract Entry
8059,Contract Entry
5839,Account Admin
14674,Account Admin
20358,Account Admin
20860,Account Admin
16892,Contract Entry
14177,Account Admin
7726,Account Admin
15392,Contract Entry
24020,Account Admin
10366,Contract Entry
24621,Account Admin
6309,Contract Entry
13682,Account Admin
15788,Contract Entry
12065,Account Admin
7757,Contract Entry
23702,Contract Entry
16087,Account Admin
8808,Contract Entry
15627,Contract Entry
22486,Account Admin
6873,Account Admin
13210,Contract Entry
7023,Contract Entry
6238,Contract Entry
17609,Contract Entry
10271,Approval - Manager
5282,Contract Entry
5556,Contract Entry
5934,Contract Entry
5323,Contract Entry
10346,Contract Entry
4001,Contract Entry
4838,Account Admin
24006,Contract Entry
21313,Account Admin
16365,Contract Entry
14762,Contract Entry
23149,Contract Entry
3344,Contract Entry
9917,Account Admin
16246,Contract Entry
15709,Contract Entry
9493,Contract Entry
21016,Account Admin
5804,Contract Entry
17944,Approval - Manager
24335,Account Admin
20825,Contract Entry
24419,Contract Entry
10206,Contract Entry
24862,Contract Entry
5111,Contract Entry
13049,Contract Entry
7872,Contract Entry
17162,Account Admin
3434,Account Admin
4349,Account Admin
3433,Account Admin
20143,Contract Entry
3390,Account Admin
19534,Account Admin
21541,Account Admin
12822,Account Admin
23033,Contract Entry
9312,Contract Entry
16428,Contract Entry
22489,Contract Entry
19867,Contract Entry
13598,Account Admin
21858,Account Admin
16666,Account Admin
8267,Account Admin
23935,Account Admin
4085,Contract Entry
8036,Account Admin
14873,Contract Entry
12606,Account Admin
22151,Contract Entry
15974,Contract Entry
13886,Account Admin
17238,Contract Entry
12771,Contract Entry
16499,Contract Entry
24643,Account Admin
20345,Account Admin
16575,Account Admin
21005,Account Admin
8270,Account Admin
10792,Account Admin
16586,Account Admin
18406,Contract Entry
4076,Account Admin
11708,Account Admin
20672,Account Admin
24370,Contract Entry
23069,Contract Entry
7342,Account Admin
14713,Contract Entry
12296,Contract Entry
22995,Account Admin
9600,Contract Entry
14096,Account Admin
21592,Account Admin
22435,Contract Entry
11092,Contract Entry
19703,Contract Entry
12422,Contract Entry
21261,Account Admin
13179,Account Admin
11950,Approval - Manager
12172,Contract Entry
12172,Account Admin
12542,Account Admin
3097,Account Admin
23164,Contract Entry
21874,Contract Entry
19728,Contract Entry
23279,Contract Entry
3713,Approval - Manager
22728,Contract Entry
23018,Account Admin
7720,Account Admin
23439,Contract Entry
5346,Contract Entry
22014,Account Admin
19599,Contract Entry
21303,Account Admin
23926,Account Admin
8228,Account Admin
14520,Approval - Manager
11079,Contract Entry
10369,Approval - Manager
23178,Account Admin
4511,Contract Entry
10809,Account Admin
17615,Contract Entry
11323,Contract Entry
22038,Contract Entry
16942,Account Admin
15651,Account Admin
15791,Approval - Manager
24931,Contract Entry
6812,Contract Entry
3287,Approval - Manager
17684,Contract Entry
23482,Contract Entry
10385,Contract Entry
20758,Account Admin
5398,Contract Entry
7430,Account Admin
4633,Account Admin
10427,Account Admin
4278,Contract Entry
15618,Contract Entry
17595,Account Admin
17693,Contract Entry
3133,Contract Entry
22877,Account Admin
22361,Account Admin
8640,Contract Entry
7471,Account Admin
9237,Contract Entry
5992,Account Admin
10460,Contract Entry
16332,Account Admin
20355,Account Admin
17409,Contract Entry
11866,Contract Entry
3969,Account Admin
11250,Account Admin
24588,Account Admin
9234,Account Admin
5044,Account Admin
11160,Account Admin
18788,Contract Entry
23696,Contract Entry
24437,Contract Entry
7489,Account Admin
3452,Contract Entry
3180,Contract Entry
17039,Contract Entry
4264,Account Admin
17547,Account Admin
19311,Account Admin
6874,Approval - Manager
22566,Account Admin
19493,Contract Entry
20701,Account Admin
19341,Contract Entry
9556,Account Admin
24607,Contract Entry
18958,Contract Entry
4973,Account Admin
6217,Contract Entry
5259,Approval - Manager
17942,Contract Entry
4407,Account Admin
24596,Contract Entry
10155,Contract Entry
3773,Contract Entry
21534,Contract Entry
3390,Account Admin
21274,Account Admin
21128,Account Admin
17349,Account Admin
17413,Contract Entry
10662,Account Admin
12189,Contract Entry
19904,Account Admin
16638,Account Admin
19026,Contract Entry
17881,Account Admin
9905,Contract Entry
21284,Contract Entry
22698,Account Admin
19666,Contract Entry
4037,Account Admin
23724,Account Admin
22424,Account Admin
20131,Account Admin
3783,Account Admin
24890,Account Admin
3532,Contract Entry
20090,Contract Entry
23253,Account Admin
14930,Contract Entry
11883,Contract Entry
11975,Contract Entry
17591,Contract Entry
17902,Contract Entry
18310,Contract Entry
11075,Contract Entry
21078,Contract Entry
11480,Account Admin
19458,Contract Entry
22678,Contract Entry
24597,Account Admin
19651,Contract Entry
10542,Account Admin
24349,Contract Entry
21763,Account Admin
4764,Contract Entry
24740,Account Admin
11211,Approval - Manager
7126,Contract Entry
22291,Account Admin
10665,Account Admin
24086,Account Admin
14954,Contract Entry
10241,Contract Entry
21621,Contract Entry
21281,Account Admin
14956,Contract Entry
22258,Contract Entry
13560,Approval - Manager
10186,Contract Entry
19991,Contract Entry
7163,Account Admin
7112,Account Admin
11625,Account Admin
21644,Contract Entry
10172,Approval - Manager
17421,Contract Entry
20029,Contract Entry
22061,Account Admin
14474,Account Admin
3952,Contract Entry
15498,Account Admin
13574,Account Admin
14058,Contract Entry
4476,Contract Entry
17522,Account Admin
16454,Contract Entry
4932,Contract Entry
21786,Contract Entry
23064,Contract Entry
8890,Account Admin
3874,Account Admin
23814,Contract Entry
9509,Contract Entry
10360,Contract Entry
11099,Contract Entry
24275,Contract Entry
18894,Contract Entry
20103,Account Admin
9080,Account Admin
7937,Approval - Manager
10989,Account Admin
16140,Account Admin
24261,Account Admin
20166,Account Admin
9925,Contract Entry
17672,Contract Entry
5434,Account Admin
8236,Account Admin
10538,Account Admin
13889,Account Admin
21005,Account Admin
4350,Contract Entry
9699,Contract Entry
21801,Account Admin
7319,Account Admin
3765,Account Admin
12278,Contract Entry
23007,Contract Entry
4618,Account Admin
19087,Contract Entry
24294,Contract Entry
20514,Account Admin
12435,Account Admin
22699,Account Admin
11342,Account Admin
13312,Contract Entry
9091,Account Admin
5548,Account Admin
15452,Account Admin
4514,Account Admin
11285,Account Admin
15575,Account Admin
22597,Account Admin
15333,Account Admin
10851,Account Admin
8258,Account Admin
20322,Account Admin
14374,Account Admin
20108,Contract Entry
21577,Approval - Manager
5242,Contract Entry
4461,Account Admin
22903,Contract Entry
13636,Contract Entry
15731,Contract Entry
22936,Contract Entry
16303,Approval - Manager
8094,Account Admin
3668,Account Admin
13867,Contract Entry
23755,Account Admin
14433,Account Admin
4729,Contract Entry
9502,Account Admin
10637,Contract Entry
22753,Contract Entry
8825,Contract Entry
4594,Contract Entry
11672,Account Admin
22631,Contract Entry
4613,Contract Entry
10987,Account Admin
7804,Contract Entry
23623,Contract Entry
5368,Contract Entry
18228,Contract Entry
20287,Account Admin
20898,Contract Entry
20071,Contract Entry
17908,Account Admin
4185,Account Admin
9160,Contract Entry
14886,Contract Entry
16240,Contract Entry
20101,Contract Entry
17999,Contract Entry
12926,Approval - Manager
15646,Account Admin
12211,Contract Entry
3134,Contract Entry
8451,Approval - Manager
18424,Contract Entry
23910,Contract Entry
8171,Contract Entry
17149,Account Admin
5872,Account Admin
7524,Contract Entry
13369,Contract Entry
8347,Contract Entry
8945,Contract Entry
3950,Account Admin
18533,Contract Entry
17804,Account Admin
9866,Account Admin
21291,Contract Entry
11186,Account Admin
12646,Contract Entry
19734,Contract Entry
14663,Account Admin
14467,Contract Entry
18854,Contract Entry
16761,Contract Entry
16079,Contract Entry
5614,Contract Entry
4348,Account Admin
3068,Contract Entry
15152,Account Admin
4042,Contract Entry
22429,Contract Entry
7284,Contract Entry
14636,Account Admin
24369,Contract Entry
22331,Contract Entry
23365,Account Admin
8562,Contract Entry
19709,Contract Entry
10276,Approval - Manager
16654,Contract Entry
9889,Contract Entry
5429,Account Admin
8472,Account Admin
14824,Account Admin
3691,Account Admin
16663,Contract Entry
19816,Contract Entry
4456,Contract Entry
24686,Account Admin
4074,Account Admin
7404,Contract Entry
14442,Account Admin
24403,Contract Entry
19510,Account Admin
11264,Contract Entry
16177,Account Admin
12327,Contract Entry
17511,Approval - Manager
7677,Contract Entry
24896,Account Admin
4426,Account Admin
13646,Contract Entry
3734,Account Admin
22424,Account Admin
11002,Account Admin
11858,Account Admin
8913,Account Admin
4541,Contract Entry
12360,Contract Entry
12142,Contract Entry
8338,Contract Entry
24546,Account Admin
23577,Account Admin
19297,Contract Entry
9504,Account Admin
24217,Account Admin
5289,Contract Entry
14148,Account Admin
3482,Account Admin
20094,Account Admin
3886,Account Admin
23891,Account Admin
14892,Account Admin
8539,Approval - Manager
9722,Account Admin
23890,Contract Entry
10915,Contract Entry
22486,Account Admin
22050,Contract Entry
7497,Contract Entry
14392,Contract Entry
5148,Account Admin
22666,Approval - Manager
15966,Contract Entry
7773,Account Admin
21939,Contract Entry
19113,Contract Entry
19676,Contract Entry
5835,Account Admin
10693,Account Admin
18866,Contract Entry
14737,Contract Entry
3737,Contract Entry
9143,Contract Entry
3889,Account Admin
22752,Contract Entry
16087,Contract Entry
3045,Contract Entry
10454,Account Admin
10474,Account Admin
9505,Account Admin
23674,Approval - Manager
22945,Account Admin
14208,Contract Entry
18449,Account Admin
18205,Account Admin
5189,Account Admin
20770,Contract Entry
18583,Account Admin
19420,Account Admin
9214,Account Admin
23414,Account Admin
17792,Contract Entry
16062,Contract Entry
24823,Contract Entry
11774,Account Admin
21627,Account Admin
22774,Contract Entry
20037,Contract Entry
20737,Contract Entry
4523,Account Admin
22888,Account Admin
8314,Contract Entry
5770,Contract Entry
6998,Contract Entry
5484,Account Admin
20667,Contract Entry
4642,Contract Entry
5941,Account Admin
21772,Account Admin
20990,Account Admin
12926,Contract Entry
8677,Account Admin
17956,Contract Entry
6227,Contract Entry
22488,Account Admin
7600,Contract Entry
11112,Approval - Manager
5295,Contract Entry
7470,Account Admin
16383,Contract Entry
